Loss KERAS,ATE KERAS,ACC KERAS
0.023604704575224532,-0.03146725684824253,0.9975708502024292
