Loss KERAS,ATE KERAS,ACC KERAS
0.047125477079665315,0.3318248938875199,0.9795
