Loss KERAS,ATE KERAS,ACC KERAS
0.5221786487661302,0.38051225902881536,0.713
