Loss KERAS,ATE KERAS,ACC KERAS
0.27456395615848306,0.5318182756493369,0.866
