Loss KERAS,ATE KERAS,ACC KERAS
0.2741108117585536,0.5217152200578317,0.865
