Alpha,Loss YCF Y,ATE YCF Y,ACC YCF Y,Loss YCF MANUAL,ATE YCF MANUAL,ACC YCF MANUAL,Loss YCF RAND,ATE YCF RAND,ACC YCF RAND
1,0.5225657358948393,0.35038593849099287,0.719,0.5225657358948393,0.35038593849099287,0.719,0.5225657358948393,0.35038593849099287,0.719
