Alpha,Loss YCF Y,ATE YCF Y,ACC YCF Y,Loss YCF MANUAL,ATE YCF MANUAL,ACC YCF MANUAL,Loss YCF RAND,ATE YCF RAND,ACC YCF RAND
0.1,0.6094825131943583,0.0006877606635508071,0.6955,0.6164547209072434,0.0002057590173512036,0.6955,0.6699131903589788,5.688888867505515e-05,0.6955
0.3,0.6047613057958927,0.0009398508895113178,0.6955,0.6115881761411214,0.0005059651447911762,0.6955,0.6337711932902159,0.0002528292749027772,0.6955
0.5,0.60058744673278,0.001203311767122739,0.6955,0.6061189752456407,0.0008579452787109698,0.6955,0.6136587474211073,0.0006074242809126496,0.6955
0.7,0.5965647514811455,0.0014689685548198161,0.6955,0.6001287303302083,0.0012443098773331496,0.6955,0.6015621051353336,0.0010943134700036605,0.6955
0.9,0.5925869339663254,0.0017322649673444657,0.6955,0.5938184457667307,0.0016525904814581605,0.6955,0.593639070775864,0.0016161791251844138,0.6955
