Loss KERAS,ATE KERAS,ACC KERAS
0.5215244091339409,0.3819109415881419,0.7175
