Loss KERAS,ATE KERAS,ACC KERAS
0.5232739933123812,0.37853342879216323,0.7125
