Loss KERAS,ATE KERAS,ACC KERAS
0.3039033063818096,-0.02076868489216957,0.8802631578947369
