Loss KERAS,ATE KERAS,ACC KERAS
0.3077965755628324,-0.01739125208450462,0.8780701754385964
