Loss KERAS,ATE KERAS,ACC KERAS
0.3157033809583242,-0.014422411833379084,0.868859649122807
