Alpha,Loss YCF Y,ATE YCF Y,ACC YCF Y,Loss YCF MANUAL,ATE YCF MANUAL,ACC YCF MANUAL,Loss YCF RAND,ATE YCF RAND,ACC YCF RAND
0.1,0.5414448204727828,0.0006095332577830126,0.7185,0.5442629429979615,0.0007455880630004019,0.7185,0.6638630938526688,6.581723347554025e-05,0.7185
0.3,0.523272655836412,0.00036502724906162243,0.7185,0.5251290616011499,0.0005223584598901265,0.7185,0.60953843269162,0.00033506941886118913,0.7185
0.5,0.5062160667016733,-6.823216831042256e-05,0.7185,0.5072879561635257,7.403496114077868e-05,0.7185,0.5591722747429017,0.000732543251888429,0.7185
0.7,0.490489854193613,-0.0006256940055859861,0.7185,0.4909912502509643,-0.0005286567829994038,0.7185,0.5149594139459689,0.00043521379360378365,0.7185
0.9,0.47606691524255285,-0.0012324679063961952,0.7185,0.4761936288036617,-0.0011981083516491298,0.7185,0.4821881286725825,-0.0008020521920260038,0.7185
