Alpha,Loss YCF Y,ATE YCF Y,ACC YCF Y,Loss YCF MANUAL,ATE YCF MANUAL,ACC YCF MANUAL,Loss YCF RAND,ATE YCF RAND,ACC YCF RAND
0.1,0.6022654679453703,0.0010934731255539676,0.6955,0.617456487767048,9.124016773809362e-05,0.6955,0.6686778897309806,6.380835658637007e-05,0.6955
0.3,0.5951645483292036,0.001518727887192095,0.6955,0.6084874675331102,0.0006518208750552201,0.6955,0.6302522265643038,0.00035936186741580833,0.6955
0.5,0.5883325304977882,0.0019595434381920462,0.6955,0.5984782683041472,0.001273512756037376,0.6955,0.606031073598212,0.0009918706280104272,0.6955
0.7,0.5817821995034553,0.0024119929233131776,0.6955,0.5879807884741421,0.001958076514641527,0.6955,0.588989244963061,0.001853324467994466,0.6955
0.9,0.5755697454938858,0.0028855877586689838,0.6955,0.5776105438752203,0.0027175560327658,0.6955,0.5771089626525115,0.002720870541712217,0.6955
